Dealer_Region,count,mean,std,min,25%,50%,75%,max
Aurora,3130.0,28334.626837060703,15026.207251584685,9000.0,18001.0,23000.0,35000.0,85800.0
Austin,4135.0,28341.60362756953,14903.884548631346,9000.0,18001.0,23801.0,35001.0,85601.0
Greenville,3128.0,28180.81905370844,15101.538328356552,1200.0,18001.0,22500.0,34500.0,85200.0
Janesville,3821.0,27833.35095524732,14344.99563751801,4300.0,18001.0,23000.0,34000.0,85400.0
Middletown,3128.0,27856.338874680307,14619.842394964297,1700.0,18000.0,22750.0,34000.0,85300.0
Pasco,3131.0,28119.039923347173,14659.315940545504,9000.0,18500.5,23000.0,34000.0,85600.0
Scottsdale,3433.0,27954.958928051266,14902.91681953422,1450.0,18000.0,22600.0,33500.0,85001.0
